timestamp,day,hour,voltage,current,power,kwh,biaya
2026-04-23 06:51:03,23,6,219.3,0.44,54.7,0.01,18.78
2026-04-23 06:51:09,23,6,218.9,0.41,49.5,0.01,18.78
2026-04-23 06:51:17,23,6,219.3,0.49,60.4,0.01,18.78
2026-04-23 06:51:20,23,6,219.8,0.43,53.5,0.01,18.78
2026-04-23 06:51:25,23,6,218.1,0.43,53.1,0.01,18.78
2026-04-23 06:51:31,23,6,218.1,0.44,53.4,0.01,18.78
2026-04-23 06:51:37,23,6,219.1,0.42,51.6,0.01,18.78
2026-04-23 06:51:43,23,6,219.3,0.43,52.7,0.01,20.23
2026-04-23 06:51:49,23,6,218.6,0.43,52.0,0.01,20.23
2026-04-23 06:51:55,23,6,219.5,0.43,52.9,0.01,20.23
2026-04-23 06:52:00,23,6,219.2,0.43,52.7,0.01,20.23
2026-04-23 06:52:06,23,6,219.1,0.47,58.0,0.01,20.23
2026-04-23 06:52:12,23,6,218.7,0.45,55.8,0.01,20.23
2026-04-23 06:52:18,23,6,218.7,0.45,55.4,0.01,20.23
2026-04-23 06:52:24,23,6,218.0,0.46,56.6,0.01,20.23
2026-04-23 06:52:30,23,6,218.7,0.44,54.2,0.01,20.23
2026-04-23 06:52:36,23,6,219.1,0.41,49.7,0.01,20.23
2026-04-23 06:52:42,23,6,219.1,0.41,50.0,0.01,20.23
2026-04-23 06:52:48,23,6,219.2,0.4,49.3,0.01,21.67
2026-04-23 06:52:53,23,6,218.8,0.44,54.9,0.01,21.67
2026-04-23 06:52:59,23,6,219.0,0.44,53.6,0.01,21.67
2026-04-23 06:53:05,23,6,219.5,0.43,52.9,0.01,21.67
2026-04-23 06:53:11,23,6,218.7,0.44,53.9,0.01,21.67
2026-04-23 06:53:17,23,6,219.1,0.43,52.1,0.01,21.67
2026-04-23 06:53:23,23,6,219.6,0.43,52.2,0.01,21.67
2026-04-23 06:53:29,23,6,219.7,0.43,53.3,0.01,21.67
2026-04-23 06:53:34,23,6,220.1,0.4,48.8,0.01,21.67
2026-04-23 06:53:40,23,6,220.3,0.41,49.8,0.01,21.67
2026-04-23 06:53:46,23,6,220.4,0.4,49.2,0.01,21.67
2026-04-23 06:53:52,23,6,225.4,0.4,50.1,0.01,21.67
2026-04-23 06:53:58,23,6,225.6,0.4,49.8,0.01,21.67
2026-04-23 06:54:04,23,6,225.4,0.4,49.9,0.02,23.12
2026-04-23 06:54:10,23,6,225.0,0.43,54.2,0.02,23.12
2026-04-23 06:54:16,23,6,225.8,0.41,52.0,0.02,23.12
2026-04-23 06:54:22,23,6,225.4,0.39,49.0,0.02,23.12
2026-04-23 06:54:28,23,6,224.4,0.4,49.7,0.02,23.12
2026-04-23 06:54:33,23,6,224.2,0.4,50.1,0.02,23.12
2026-04-23 06:54:39,23,6,224.5,0.4,50.0,0.02,23.12
2026-04-23 06:54:45,23,6,224.5,0.39,49.2,0.02,23.12
2026-04-23 06:54:51,23,6,224.6,0.39,48.7,0.02,23.12
2026-04-23 06:54:56,23,6,224.4,0.39,49.3,0.02,23.12
2026-04-23 06:55:02,23,6,224.1,0.4,49.8,0.02,23.12
2026-04-23 06:55:08,23,6,224.2,0.4,50.4,0.02,24.56
2026-04-23 06:55:14,23,6,223.9,0.39,49.1,0.02,24.56
2026-04-23 06:55:19,23,6,223.9,0.4,50.5,0.02,24.56
2026-04-23 06:55:25,23,6,223.4,0.4,49.6,0.02,24.56
2026-04-23 06:55:31,23,6,223.7,0.39,48.8,0.02,24.56
2026-04-23 06:55:37,23,6,222.8,0.4,50.4,0.02,24.56
2026-04-23 06:55:43,23,6,222.7,0.39,49.3,0.02,24.56
2026-04-23 06:55:49,23,6,222.7,0.4,50.0,0.02,24.56
2026-04-23 06:55:54,23,6,222.9,0.4,49.6,0.02,24.56
2026-04-23 06:56:00,23,6,223.1,0.39,49.5,0.02,24.56
2026-04-23 06:56:06,23,6,223.4,0.39,49.4,0.02,24.56
2026-04-23 06:56:12,23,6,223.2,0.39,49.3,0.02,26.0
2026-04-23 06:56:18,23,6,223.2,0.39,49.2,0.02,26.0
2026-04-23 06:56:23,23,6,223.2,0.39,49.2,0.02,26.0
2026-04-23 06:56:29,23,6,223.1,0.4,50.0,0.02,26.0
2026-04-23 06:56:35,23,6,223.3,0.46,59.1,0.02,26.0
2026-04-23 06:56:41,23,6,223.6,0.4,51.1,0.02,26.0
2026-04-23 06:56:47,23,6,224.4,0.43,54.4,0.02,26.0
2026-04-23 06:56:53,23,6,224.5,0.41,52.0,0.02,26.0
2026-04-23 06:56:58,23,6,224.1,0.41,51.9,0.02,26.0
2026-04-23 06:57:04,23,6,224.6,0.42,52.5,0.02,26.0
2026-04-23 06:57:10,23,6,224.3,0.43,53.8,0.02,26.0
2026-04-23 06:57:16,23,6,223.0,0.46,57.0,0.02,26.0
2026-04-23 06:57:22,23,6,223.3,0.44,55.4,0.02,26.0
2026-04-23 06:57:28,23,6,223.6,0.41,51.3,0.02,27.45
2026-04-23 06:57:34,23,6,223.5,0.47,59.4,0.02,27.45
2026-04-23 06:57:39,23,6,222.4,0.48,60.7,0.02,27.45
2026-04-23 06:57:45,23,6,221.0,0.48,59.7,0.02,27.45
2026-04-23 06:57:51,23,6,221.7,0.42,52.9,0.02,27.45
2026-04-23 06:58:35,23,6,221.1,0.49,61.5,0.02,28.89
2026-04-23 06:58:39,23,6,221.4,0.4,49.1,0.02,28.89
2026-04-23 06:58:45,23,6,221.2,0.4,49.3,0.02,28.89
2026-04-23 06:58:49,23,6,220.8,0.39,48.4,0.02,28.89
2026-04-23 06:58:55,23,6,220.2,0.4,49.1,0.02,28.89
2026-04-23 06:59:01,23,6,219.8,0.43,53.2,0.02,28.89
2026-04-23 06:59:07,23,6,220.1,0.46,57.2,0.02,28.89
2026-04-23 06:59:13,23,6,219.8,0.43,53.0,0.02,28.89
2026-04-23 06:59:19,23,6,219.8,0.42,51.7,0.02,28.89
2026-04-23 06:59:25,23,6,219.9,0.42,52.0,0.02,28.89
2026-04-23 06:59:30,23,6,219.9,0.45,55.6,0.02,28.89
2026-04-23 06:59:36,23,6,219.0,0.44,53.8,0.02,28.89
2026-04-23 06:59:42,23,6,219.4,0.43,52.6,0.02,30.34
2026-04-23 06:59:48,23,6,219.7,0.42,52.0,0.02,30.34
2026-04-23 06:59:58,23,6,220.0,0.5,62.5,0.02,30.34
2026-04-23 06:59:59,23,6,218.8,0.5,61.9,0.02,30.34
2026-04-23 07:00:05,23,7,219.7,0.45,55.2,0.02,30.34
2026-04-23 07:00:12,23,7,219.8,0.5,61.6,0.02,30.34
2026-04-23 07:00:16,23,7,220.6,0.41,50.8,0.02,30.34
2026-04-23 07:00:22,23,7,220.8,0.43,52.7,0.02,30.34
2026-04-23 07:00:28,23,7,220.7,0.47,58.1,0.02,30.34
2026-04-23 07:00:34,23,7,220.9,0.4,50.1,0.02,30.34
2026-04-23 07:00:40,23,7,220.5,0.48,60.0,0.02,31.78
2026-04-23 07:00:46,23,7,220.6,0.42,51.7,0.02,31.78
2026-04-23 07:00:52,23,7,221.2,0.42,52.3,0.02,31.78
2026-04-23 07:00:57,23,7,219.2,0.43,53.7,0.02,31.78
2026-04-23 07:01:04,23,7,219.7,0.48,60.3,0.02,31.78
2026-04-23 07:01:09,23,7,217.3,0.47,57.2,0.02,31.78
2026-04-23 07:01:15,23,7,218.5,0.42,52.2,0.02,31.78
2026-04-23 07:01:21,23,7,218.6,0.43,53.1,0.02,31.78
2026-04-23 07:01:27,23,7,219.7,0.43,53.2,0.02,31.78
2026-04-23 07:01:32,23,7,219.6,0.42,51.6,0.02,31.78
2026-04-23 07:01:40,23,7,214.9,0.51,62.1,0.02,31.78
2026-04-23 07:01:44,23,7,215.7,0.47,56.9,0.02,31.78
2026-04-23 07:01:50,23,7,213.4,0.42,49.8,0.02,31.78
2026-04-23 07:01:57,23,7,213.4,0.51,61.4,0.02,33.23
2026-04-23 07:05:52,23,7,222.4,0.49,60.9,0.03,37.56
2026-04-23 07:05:55,23,7,222.6,0.45,55.6,0.03,37.56
2026-04-23 07:06:01,23,7,222.0,0.4,48.5,0.03,37.56
2026-04-23 07:06:06,23,7,221.5,0.39,47.4,0.03,37.56
2026-04-23 07:06:13,23,7,222.2,0.39,47.5,0.03,39.01
2026-04-23 07:06:18,23,7,222.5,0.39,47.8,0.03,39.01
2026-04-23 07:06:24,23,7,221.8,0.39,48.3,0.03,39.01
2026-04-23 07:06:30,23,7,221.3,0.4,48.7,0.03,39.01
2026-04-23 07:06:36,23,7,222.4,0.39,47.5,0.03,39.01
2026-04-23 07:06:42,23,7,222.4,0.39,48.2,0.03,39.01
2026-04-23 07:06:48,23,7,222.4,0.4,48.7,0.03,39.01
2026-04-23 07:06:53,23,7,222.5,0.41,50.5,0.03,39.01
2026-04-23 07:07:00,23,7,222.6,0.4,49.7,0.03,39.01
2026-04-23 07:07:05,23,7,222.4,0.44,53.7,0.03,39.01
2026-04-23 07:07:11,23,7,222.4,0.46,57.0,0.03,39.01
2026-04-23 07:07:17,23,7,223.1,0.45,55.6,0.03,39.01
2026-04-23 07:07:23,23,7,223.0,0.43,53.1,0.03,39.01
2026-04-23 07:07:28,23,7,223.6,0.4,49.6,0.03,39.01
2026-04-23 07:07:34,23,7,223.3,0.41,51.1,0.03,40.45
2026-04-23 07:07:40,23,7,222.9,0.4,49.0,0.03,40.45
2026-04-23 07:07:46,23,7,222.3,0.38,47.5,0.03,40.45
2026-04-23 07:07:52,23,7,222.3,0.41,49.8,0.03,40.45
2026-04-23 07:07:58,23,7,221.9,0.45,54.6,0.03,40.45
2026-04-23 07:08:03,23,7,222.4,0.39,47.3,0.03,40.45
2026-04-23 07:08:09,23,7,222.1,0.39,48.2,0.03,40.45
2026-04-23 07:08:15,23,7,222.3,0.41,50.2,0.03,40.45
2026-04-23 07:08:21,23,7,222.1,0.4,49.5,0.03,40.45
2026-04-23 07:08:27,23,7,221.5,0.42,52.1,0.03,40.45
2026-04-23 07:08:33,23,7,221.5,0.45,56.0,0.03,40.45
2026-04-23 07:08:38,23,7,221.1,0.49,61.7,0.03,41.9
2026-04-23 07:08:44,23,7,221.3,0.43,53.6,0.03,41.9
2026-04-23 07:08:50,23,7,221.8,0.43,53.7,0.03,41.9
2026-04-23 07:08:59,23,7,222.2,0.49,61.3,0.03,41.9
2026-04-23 07:09:02,23,7,221.4,0.48,60.3,0.03,41.9
2026-04-23 07:09:08,23,7,222.4,0.39,48.4,0.03,41.9
2026-04-23 07:09:17,23,7,217.2,0.5,60.3,0.03,41.9
2026-04-23 07:09:24,23,7,217.4,0.49,59.5,0.03,41.9
2026-04-23 07:09:26,23,7,217.5,0.49,59.8,0.03,41.9
2026-04-23 07:09:31,23,7,217.5,0.43,52.0,0.03,41.9
2026-04-23 07:09:37,23,7,217.0,0.44,53.5,0.03,41.9
2026-04-23 07:09:43,23,7,217.8,0.45,54.8,0.03,41.9
2026-04-23 07:09:49,23,7,216.6,0.45,54.5,0.03,43.34
2026-04-23 07:09:55,23,7,217.4,0.47,57.6,0.03,43.34
2026-04-23 07:10:00,23,7,217.5,0.4,48.3,0.03,43.34
2026-04-23 07:10:06,23,7,217.3,0.43,52.9,0.03,43.34
2026-04-23 07:10:11,23,7,217.6,0.42,51.5,0.03,43.34
2026-04-23 07:10:35,23,7,218.4,0.48,59.0,0.03,43.34
2026-04-23 07:10:38,23,7,218.0,0.39,47.0,0.03,43.34
2026-04-23 07:10:44,23,7,218.3,0.37,44.5,0.03,43.34
2026-04-23 07:10:50,23,7,217.8,0.48,75.8,0.03,44.79
2026-04-23 07:10:55,23,7,216.9,0.54,94.1,0.03,44.79
2026-04-23 07:11:01,23,7,217.0,0.53,92.5,0.03,44.79
2026-04-23 07:11:07,23,7,217.4,0.52,90.8,0.03,44.79
2026-04-23 07:11:13,23,7,217.0,0.52,91.2,0.03,44.79
2026-04-23 07:11:18,23,7,216.9,0.52,90.5,0.03,44.79
2026-04-23 07:11:24,23,7,217.9,0.51,89.7,0.03,44.79
2026-04-23 07:11:30,23,7,217.9,0.52,90.6,0.03,44.79
2026-04-23 07:11:36,23,7,217.7,0.52,89.8,0.03,46.23
2026-04-23 07:11:42,23,7,217.4,0.51,89.4,0.03,46.23
2026-04-23 07:11:48,23,7,217.5,0.52,90.2,0.03,46.23
2026-04-23 07:11:54,23,7,218.3,0.51,89.3,0.03,46.23
2026-04-23 07:12:00,23,7,218.1,0.51,89.2,0.03,46.23
2026-04-23 07:12:05,23,7,217.3,0.51,88.6,0.03,46.23
2026-04-23 07:12:11,23,7,218.0,0.51,88.5,0.03,47.68
2026-04-23 07:12:17,23,7,217.7,0.52,89.6,0.03,47.68
2026-04-23 07:12:23,23,7,217.0,0.61,101.4,0.03,47.68
2026-04-23 07:12:28,23,7,222.2,0.53,94.3,0.03,47.68
2026-04-23 07:12:34,23,7,223.0,0.5,90.0,0.03,47.68
2026-04-23 07:12:40,23,7,222.1,0.5,89.9,0.03,47.68
2026-04-23 07:12:46,23,7,222.3,0.5,88.8,0.03,47.68
2026-04-23 07:12:51,23,7,223.1,0.5,90.1,0.03,49.12
2026-04-23 07:12:57,23,7,222.5,0.5,89.9,0.03,49.12
2026-04-23 07:13:03,23,7,222.5,0.5,89.4,0.03,49.12
2026-04-23 07:13:09,23,7,223.1,0.49,88.7,0.03,49.12
2026-04-23 07:13:15,23,7,223.9,0.5,90.2,0.03,49.12
2026-04-23 07:13:21,23,7,223.0,0.5,90.3,0.03,49.12
2026-04-23 07:13:26,23,7,222.2,0.49,88.6,0.03,49.12
2026-04-23 07:13:32,23,7,222.3,0.49,88.2,0.04,50.56
2026-04-23 07:13:38,23,7,222.5,0.5,89.1,0.04,50.56
2026-04-23 07:13:44,23,7,222.2,0.5,88.8,0.04,50.56
2026-04-23 07:13:50,23,7,223.0,0.49,87.9,0.04,50.56
2026-04-23 07:13:56,23,7,222.9,0.49,88.0,0.04,50.56
2026-04-23 07:14:01,23,7,223.1,0.49,87.6,0.04,50.56
2026-04-23 07:14:07,23,7,221.9,0.51,90.2,0.04,52.01
2026-04-23 07:50:53,23,7,223.3,0.41,75.4,0.09,122.8
2026-04-23 07:50:53,23,7,222.4,0.19,42.2,0.09,122.8
2026-04-23 07:50:56,23,7,222.6,0.19,42.1,0.09,122.8
2026-04-23 07:51:02,23,7,223.0,0.19,42.0,0.09,122.8
2026-04-23 07:51:07,23,7,222.5,0.19,42.1,0.09,122.8
2026-04-23 07:51:14,23,7,222.1,0.19,41.9,0.09,122.8
2026-04-23 07:51:20,23,7,224.6,0.19,42.7,0.09,122.8
2026-04-23 07:51:25,23,7,225.0,0.19,42.8,0.09,124.24
2026-04-23 07:51:30,23,7,224.6,0.19,42.8,0.09,124.24
2026-04-23 07:51:35,23,7,223.7,0.19,42.5,0.09,124.24
2026-04-23 07:51:41,23,7,223.5,0.19,42.2,0.09,124.24
2026-04-23 07:51:47,23,7,223.7,0.19,42.7,0.09,124.24
2026-04-23 07:51:53,23,7,223.5,0.19,42.4,0.09,124.24
2026-04-23 07:51:59,23,7,224.1,0.19,42.5,0.09,124.24
2026-04-23 07:52:04,23,7,223.6,0.19,42.3,0.09,124.24
2026-04-23 07:52:10,23,7,224.6,0.19,42.7,0.09,124.24
2026-04-23 07:52:16,23,7,224.0,0.19,42.5,0.09,124.24
2026-04-23 07:52:22,23,7,222.6,0.19,41.9,0.09,124.24
2026-04-23 07:52:28,23,7,223.5,0.19,42.4,0.09,124.24
2026-04-23 07:52:33,23,7,224.3,0.19,42.7,0.09,124.24
2026-04-23 07:52:39,23,7,224.0,0.19,42.3,0.09,124.24
2026-04-23 07:52:46,23,7,223.0,0.19,42.2,0.09,124.24
2026-04-23 07:52:51,23,7,223.7,0.19,42.5,0.09,124.24
2026-04-23 07:52:56,23,7,224.0,0.19,42.5,0.09,124.24
2026-04-23 07:53:02,23,7,223.6,0.19,42.4,0.09,125.69
2026-04-23 07:53:07,23,7,219.2,0.19,41.0,0.09,125.69
2026-04-23 07:53:12,23,7,218.3,0.19,40.5,0.09,125.69
2026-04-23 07:53:17,23,7,218.2,0.19,40.6,0.09,125.69
2026-04-23 07:53:23,23,7,218.1,0.19,40.6,0.09,125.69
2026-04-23 07:53:28,23,7,218.9,0.19,41.1,0.09,125.69
2026-04-23 07:53:34,23,7,218.2,0.19,40.6,0.09,125.69
2026-04-23 07:53:39,23,7,218.5,0.19,40.7,0.09,125.69
2026-04-23 07:53:44,23,7,218.2,0.19,40.6,0.09,125.69
2026-04-23 07:53:49,23,7,218.4,0.19,40.7,0.09,125.69
2026-04-23 07:53:54,23,7,217.7,0.19,40.4,0.09,125.69
2026-04-23 07:54:00,23,7,219.0,0.19,40.9,0.09,125.69
2026-04-23 07:54:05,23,7,219.1,0.19,40.8,0.09,125.69
2026-04-23 07:54:10,23,7,219.0,0.19,40.8,0.09,125.69
2026-04-23 07:54:15,23,7,219.3,0.19,41.0,0.09,125.69
2026-04-23 07:54:21,23,7,219.5,0.19,40.9,0.09,127.13
2026-04-23 07:54:27,23,7,219.4,0.19,41.1,0.09,127.13
2026-04-23 07:54:33,23,7,219.5,0.19,41.0,0.09,127.13
2026-04-23 07:54:38,23,7,219.2,0.19,40.9,0.09,127.13
2026-04-23 07:54:44,23,7,219.7,0.19,40.9,0.09,127.13
2026-04-23 07:54:50,23,7,219.9,0.19,41.2,0.09,127.13
2026-04-23 07:54:56,23,7,218.3,0.19,40.6,0.09,127.13
2026-04-23 07:55:01,23,7,218.9,0.19,40.6,0.09,127.13
2026-04-23 07:55:07,23,7,218.3,0.19,40.7,0.09,127.13
2026-04-23 07:55:12,23,7,215.9,0.19,39.8,0.09,127.13
2026-04-23 07:55:18,23,7,218.2,0.19,40.6,0.09,127.13
2026-04-23 07:55:23,23,7,218.3,0.19,40.5,0.09,127.13
2026-04-23 07:55:29,23,7,218.0,0.19,40.6,0.09,127.13
2026-04-23 07:55:35,23,7,218.9,0.19,40.9,0.09,127.13
2026-04-23 07:55:41,23,7,217.8,0.19,40.4,0.09,127.13
2026-04-23 07:55:47,23,7,217.3,0.19,40.4,0.09,127.13
2026-04-23 07:55:52,23,7,216.7,0.19,40.0,0.09,127.13
2026-04-23 07:55:58,23,7,216.6,0.19,40.1,0.09,128.58
2026-04-23 07:56:03,23,7,216.0,0.19,39.9,0.09,128.58
2026-04-23 07:56:08,23,7,217.6,0.19,40.5,0.09,128.58
2026-04-23 07:56:14,23,7,221.4,0.19,41.6,0.09,128.58
2026-04-23 07:56:19,23,7,222.4,0.19,42.0,0.09,128.58
2026-04-23 07:56:25,23,7,221.5,0.19,41.5,0.09,128.58
2026-04-23 07:56:30,23,7,222.1,0.19,42.1,0.09,128.58
2026-04-23 07:56:36,23,7,222.3,0.19,42.1,0.09,128.58
2026-04-23 07:56:42,23,7,222.2,0.19,41.9,0.09,128.58
2026-04-23 07:56:48,23,7,221.9,0.19,42.0,0.09,128.58
2026-04-23 07:56:54,23,7,223.7,0.19,42.4,0.09,128.58
2026-04-23 07:57:01,23,7,223.5,0.19,42.3,0.09,128.58
2026-04-23 07:57:06,23,7,223.5,0.19,42.4,0.09,128.58
2026-04-23 07:57:11,23,7,223.1,0.19,42.4,0.09,128.58
2026-04-23 07:57:16,23,7,223.0,0.19,42.4,0.09,130.02
2026-04-23 07:57:21,23,7,223.4,0.19,42.4,0.09,130.02
2026-04-23 07:57:27,23,7,223.9,0.19,42.5,0.09,130.02
2026-04-23 07:57:32,23,7,224.4,0.19,42.7,0.09,130.02
2026-04-23 07:57:37,23,7,224.4,0.19,42.8,0.09,130.02
2026-04-23 07:57:43,23,7,224.8,0.19,42.6,0.09,130.02
2026-04-23 07:57:49,23,7,223.7,0.19,42.4,0.09,130.02
2026-04-23 07:57:55,23,7,223.9,0.19,42.5,0.09,130.02
2026-04-23 07:58:01,23,7,224.8,0.19,42.5,0.09,130.02
2026-04-23 07:58:06,23,7,222.2,0.19,41.8,0.09,130.02
2026-04-23 07:58:12,23,7,218.3,0.19,40.5,0.09,130.02
2026-04-23 07:58:17,23,7,224.5,0.19,42.7,0.09,130.02
2026-04-23 07:58:22,23,7,224.8,0.19,42.6,0.09,130.02
2026-04-23 07:58:28,23,7,218.6,0.19,40.7,0.09,130.02
2026-04-23 07:58:34,23,7,219.4,0.19,40.8,0.09,130.02
2026-04-23 07:58:39,23,7,225.2,0.19,43.0,0.09,130.02
2026-04-23 07:58:44,23,7,225.9,0.19,43.0,0.09,130.02
2026-04-23 07:58:50,23,7,226.1,0.19,43.2,0.09,131.47
2026-04-23 07:58:55,23,7,218.9,0.19,40.7,0.09,131.47
2026-04-23 07:59:00,23,7,226.3,0.19,43.1,0.09,131.47
2026-04-23 07:59:05,23,7,223.9,0.19,42.7,0.09,131.47
2026-04-23 07:59:10,23,7,227.3,0.2,43.6,0.09,131.47
2026-04-23 07:59:15,23,7,226.5,0.2,43.6,0.09,131.47
2026-04-23 07:59:22,23,7,223.6,0.19,42.4,0.09,131.47
2026-04-23 07:59:27,23,7,220.8,0.19,41.5,0.09,131.47
2026-04-23 07:59:32,23,7,220.8,0.19,41.5,0.09,131.47
2026-04-23 07:59:37,23,7,222.9,0.19,42.1,0.09,131.47
2026-04-23 07:59:42,23,7,226.3,0.2,43.4,0.09,131.47
2026-04-23 07:59:48,23,7,225.9,0.19,43.2,0.09,131.47
2026-04-23 07:59:53,23,7,220.6,0.19,41.3,0.09,131.47
2026-04-23 07:59:58,23,7,217.5,0.19,39.9,0.09,131.47
2026-04-23 08:00:03,23,8,225.0,0.19,42.8,0.09,131.47
2026-04-23 08:00:09,23,8,224.5,0.19,42.6,0.09,132.91
2026-04-23 08:00:15,23,8,224.3,0.19,42.6,0.09,132.91
2026-04-23 08:00:20,23,8,224.0,0.19,42.3,0.09,132.91
2026-04-23 08:00:25,23,8,223.6,0.19,42.4,0.09,132.91
2026-04-23 08:00:30,23,8,224.0,0.19,42.5,0.09,132.91
2026-04-23 08:00:36,23,8,223.6,0.19,42.2,0.09,132.91
2026-04-23 08:00:42,23,8,223.7,0.19,42.3,0.09,132.91
2026-04-23 08:00:48,23,8,223.4,0.19,42.2,0.09,132.91
2026-04-23 08:00:54,23,8,214.5,0.19,39.3,0.09,132.91
2026-04-23 08:00:59,23,8,214.0,0.19,38.9,0.09,132.91
2026-04-23 08:01:05,23,8,219.7,0.19,41.5,0.09,132.91
2026-04-23 08:01:12,23,8,215.8,0.19,39.8,0.09,132.91
2026-04-23 08:01:17,23,8,216.6,0.19,40.1,0.09,132.91
2026-04-23 08:01:23,23,8,222.7,0.19,42.1,0.09,132.91
2026-04-23 08:01:29,23,8,214.9,0.19,39.3,0.09,134.36
2026-04-23 08:01:34,23,8,216.0,0.19,39.9,0.09,134.36
2026-04-23 08:01:40,23,8,222.0,0.19,41.8,0.09,134.36
2026-04-23 08:01:45,23,8,217.0,0.19,40.2,0.09,134.36
2026-04-23 08:01:50,23,8,222.4,0.19,42.1,0.09,134.36
2026-04-23 08:01:55,23,8,222.7,0.19,42.3,0.09,134.36
2026-04-23 08:02:01,23,8,222.9,0.19,42.0,0.09,134.36
2026-04-23 08:02:07,23,8,223.5,0.19,42.5,0.09,134.36
2026-04-23 08:02:12,23,8,221.8,0.19,41.9,0.09,134.36
2026-04-23 08:02:18,23,8,222.6,0.19,42.0,0.09,134.36
2026-04-23 08:02:24,23,8,220.6,0.19,41.4,0.09,134.36
2026-04-23 08:02:29,23,8,216.3,0.19,40.0,0.09,134.36
2026-04-23 08:02:34,23,8,217.9,0.19,40.7,0.09,134.36
2026-04-23 08:02:41,23,8,217.9,0.19,40.4,0.09,134.36
2026-04-23 08:02:47,23,8,217.6,0.19,40.3,0.09,134.36
2026-04-23 08:02:53,23,8,218.2,0.19,40.6,0.09,134.36
2026-04-23 08:02:59,23,8,217.7,0.19,40.3,0.09,134.36
2026-04-23 08:03:04,23,8,218.1,0.19,40.5,0.09,135.8
2026-04-23 08:03:10,23,8,217.5,0.19,40.6,0.09,135.8
2026-04-23 08:03:16,23,8,218.0,0.19,40.7,0.09,135.8
2026-04-23 08:03:21,23,8,217.4,0.19,40.1,0.09,135.8
2026-04-23 08:03:26,23,8,215.2,0.19,39.5,0.09,135.8
2026-04-23 08:03:32,23,8,217.3,0.19,40.3,0.09,135.8
2026-04-23 08:03:37,23,8,217.3,0.19,40.4,0.09,135.8
2026-04-23 08:03:43,23,8,216.1,0.19,39.9,0.09,135.8
2026-04-23 08:03:48,23,8,217.0,0.19,40.2,0.09,135.8
2026-04-23 08:03:53,23,8,217.2,0.19,40.2,0.09,135.8
2026-04-23 08:03:58,23,8,216.8,0.19,40.1,0.09,135.8
2026-04-23 08:04:03,23,8,217.1,0.19,39.9,0.09,135.8
2026-04-23 08:04:08,23,8,215.7,0.19,39.6,0.09,135.8
2026-04-23 08:04:13,23,8,215.7,0.19,39.7,0.09,135.8
2026-04-23 08:04:20,23,8,216.6,0.19,40.2,0.09,135.8
2026-04-23 08:04:26,23,8,216.8,0.19,39.8,0.09,137.25
2026-04-23 08:04:31,23,8,216.9,0.19,40.3,0.09,137.25
2026-04-23 08:04:37,23,8,216.8,0.19,40.3,0.09,137.25
2026-04-23 08:04:42,23,8,216.7,0.19,39.9,0.09,137.25
2026-04-23 08:04:47,23,8,215.4,0.19,39.5,0.09,137.25
2026-04-23 08:04:52,23,8,216.7,0.19,40.2,0.09,137.25
2026-04-23 08:04:58,23,8,216.7,0.19,40.1,0.09,137.25
2026-04-23 08:05:03,23,8,217.0,0.19,40.2,0.09,137.25
2026-04-23 08:05:09,23,8,217.8,0.19,40.4,0.09,137.25
2026-04-23 08:05:15,23,8,217.6,0.19,40.5,0.09,137.25
2026-04-23 08:05:20,23,8,222.5,0.19,42.1,0.09,137.25
2026-04-23 08:05:25,23,8,221.8,0.19,41.6,0.09,137.25
2026-04-23 08:05:31,23,8,221.7,0.19,42.1,0.09,137.25
2026-04-23 08:05:37,23,8,221.7,0.19,41.8,0.09,137.25
2026-04-23 08:05:42,23,8,222.6,0.19,41.9,0.09,137.25
2026-04-23 08:05:47,23,8,221.0,0.19,41.4,0.09,137.25
2026-04-23 08:05:53,23,8,222.5,0.19,41.8,0.09,137.25
2026-04-23 08:05:59,23,8,221.8,0.19,41.8,0.09,137.25
2026-04-23 08:06:04,23,8,221.9,0.19,41.7,0.1,138.69
2026-04-23 08:06:10,23,8,222.0,0.19,42.0,0.1,138.69
2026-04-23 08:06:15,23,8,221.7,0.19,41.6,0.1,138.69
2026-04-23 08:06:21,23,8,220.1,0.19,41.2,0.1,138.69
2026-04-23 08:06:26,23,8,222.4,0.19,41.7,0.1,138.69
2026-04-23 08:06:33,23,8,222.0,0.19,42.1,0.1,138.69
2026-04-23 08:06:39,23,8,222.1,0.19,42.1,0.1,138.69
2026-04-23 08:06:43,23,8,221.9,0.19,41.8,0.1,138.69
2026-04-23 08:06:50,23,8,221.7,0.19,41.9,0.1,138.69
2026-04-23 08:06:54,23,8,221.4,0.19,41.6,0.1,138.69
2026-04-23 08:07:00,23,8,220.7,0.19,41.5,0.1,138.69
2026-04-23 08:07:07,23,8,222.4,0.19,41.9,0.1,138.69
2026-04-23 08:07:13,23,8,221.1,0.19,41.6,0.1,138.69
2026-04-23 08:07:18,23,8,221.8,0.19,41.8,0.1,138.69
2026-04-23 08:07:24,23,8,222.3,0.19,41.9,0.1,140.14
2026-04-23 08:07:30,23,8,222.8,0.19,42.1,0.1,140.14
2026-04-23 08:07:35,23,8,222.8,0.19,42.1,0.1,140.14
2026-04-23 08:07:42,23,8,221.9,0.19,41.8,0.1,140.14
2026-04-23 08:07:47,23,8,218.3,0.19,40.3,0.1,140.14
2026-04-23 08:07:52,23,8,222.0,0.19,41.9,0.1,140.14
2026-04-23 08:07:57,23,8,222.2,0.19,41.8,0.1,140.14
2026-04-23 08:08:03,23,8,222.3,0.19,41.8,0.1,140.14
2026-04-23 08:08:08,23,8,222.4,0.19,41.9,0.1,140.14
2026-04-23 08:08:14,23,8,222.3,0.19,41.9,0.1,140.14
2026-04-23 08:08:20,23,8,220.8,0.19,41.5,0.1,140.14
2026-04-23 08:08:25,23,8,222.3,0.19,41.8,0.1,140.14
2026-04-23 08:08:31,23,8,222.6,0.19,42.3,0.1,140.14
2026-04-23 08:08:36,23,8,222.3,0.19,42.0,0.1,140.14
2026-04-23 08:08:41,23,8,222.5,0.19,42.0,0.1,140.14
2026-04-23 08:08:48,23,8,221.3,0.19,41.7,0.1,140.14
2026-04-23 08:08:54,23,8,221.5,0.19,41.6,0.1,140.14
2026-04-23 08:08:59,23,8,217.6,0.19,40.3,0.1,141.58
2026-04-23 08:09:04,23,8,221.6,0.19,41.6,0.1,141.58
2026-04-23 08:09:10,23,8,221.8,0.19,41.9,0.1,141.58
2026-04-23 08:09:15,23,8,220.1,0.19,41.1,0.1,141.58
2026-04-23 08:09:20,23,8,221.0,0.19,41.4,0.1,141.58
2026-04-23 08:09:25,23,8,221.6,0.19,41.5,0.1,141.58
2026-04-23 08:09:31,23,8,216.3,0.19,39.8,0.1,141.58
2026-04-23 08:09:37,23,8,219.9,0.19,41.4,0.1,141.58
2026-04-23 08:09:42,23,8,215.8,0.19,39.7,0.1,141.58
2026-04-23 08:09:48,23,8,214.8,0.19,39.3,0.1,141.58
2026-04-23 08:09:54,23,8,216.4,0.19,40.0,0.1,141.58
2026-04-23 08:09:59,23,8,214.7,0.19,39.4,0.1,141.58
2026-04-23 08:10:05,23,8,218.2,0.19,40.6,0.1,141.58
2026-04-23 08:10:11,23,8,217.5,0.19,40.4,0.1,141.58
2026-04-23 08:10:17,23,8,217.6,0.19,40.5,0.1,143.03
2026-04-23 08:10:24,23,8,216.7,0.19,40.0,0.1,143.03
2026-04-23 08:10:29,23,8,217.6,0.19,40.4,0.1,143.03
2026-04-23 08:10:34,23,8,220.1,0.19,41.4,0.1,143.03
2026-04-23 08:10:39,23,8,217.9,0.19,40.5,0.1,143.03
2026-04-23 08:10:45,23,8,220.5,0.19,41.3,0.1,143.03
2026-04-23 08:10:50,23,8,220.3,0.19,41.2,0.1,143.03
2026-04-23 08:10:56,23,8,220.8,0.19,41.4,0.1,143.03
2026-04-23 08:11:01,23,8,215.3,0.19,39.6,0.1,143.03
2026-04-23 08:11:06,23,8,215.0,0.19,39.3,0.1,143.03
2026-04-23 08:11:12,23,8,215.6,0.19,39.8,0.1,143.03
2026-04-23 08:11:18,23,8,214.3,0.19,39.3,0.1,143.03
2026-04-23 08:11:24,23,8,214.4,0.19,39.3,0.1,143.03
2026-04-23 08:11:30,23,8,215.0,0.19,39.5,0.1,143.03
2026-04-23 08:11:36,23,8,214.7,0.19,39.4,0.1,143.03
2026-04-23 08:11:43,23,8,214.8,0.19,39.5,0.1,144.47
2026-04-23 08:11:48,23,8,214.6,0.19,39.4,0.1,144.47
2026-04-23 08:11:53,23,8,214.1,0.19,39.1,0.1,144.47
2026-04-23 08:11:59,23,8,214.0,0.19,39.2,0.1,144.47
2026-04-23 08:12:04,23,8,213.1,0.19,38.9,0.1,144.47
2026-04-23 08:12:10,23,8,210.5,0.18,37.7,0.1,144.47
2026-04-23 08:12:15,23,8,214.4,0.19,39.5,0.1,144.47
2026-04-23 08:12:20,23,8,211.9,0.19,38.5,0.1,144.47
2026-04-23 08:12:25,23,8,216.4,0.19,40.3,0.1,144.47
2026-04-23 08:12:30,23,8,209.2,0.18,37.3,0.1,144.47
2026-04-23 08:12:36,23,8,208.9,0.18,37.5,0.1,144.47
2026-04-23 08:12:42,23,8,210.1,0.18,37.8,0.1,144.47
2026-04-23 08:12:48,23,8,208.7,0.18,37.4,0.1,144.47
2026-04-23 08:12:54,23,8,210.2,0.18,37.8,0.1,144.47
2026-04-23 08:13:00,23,8,208.2,0.18,37.4,0.1,144.47
2026-04-23 08:13:05,23,8,209.5,0.18,37.7,0.1,144.47
2026-04-23 08:13:11,23,8,212.2,0.19,38.5,0.1,144.47
2026-04-23 08:13:16,23,8,210.1,0.18,37.8,0.1,144.47
2026-04-23 08:13:22,23,8,213.4,0.19,39.2,0.1,145.91
2026-04-23 08:13:27,23,8,211.7,0.19,38.6,0.1,145.91
2026-04-23 08:13:33,23,8,212.9,0.19,38.9,0.1,145.91
2026-04-23 08:13:38,23,8,213.6,0.19,39.2,0.1,145.91
2026-04-23 08:13:44,23,8,215.0,0.19,39.6,0.1,145.91
2026-04-23 08:13:49,23,8,218.7,0.19,40.9,0.1,145.91
2026-04-23 08:13:55,23,8,218.6,0.19,40.8,0.1,145.91
2026-04-23 08:14:00,23,8,217.8,0.19,40.4,0.1,145.91
2026-04-23 08:14:06,23,8,218.6,0.19,40.8,0.1,145.91
2026-04-23 08:14:12,23,8,218.4,0.19,40.8,0.1,145.91
2026-04-23 08:14:18,23,8,218.8,0.19,40.8,0.1,145.91
2026-04-23 08:14:23,23,8,218.9,0.19,41.1,0.1,145.91
2026-04-23 08:14:28,23,8,219.5,0.19,41.2,0.1,145.91
2026-04-23 08:14:33,23,8,218.5,0.19,40.6,0.1,145.91
2026-04-23 08:14:39,23,8,218.8,0.19,40.7,0.1,145.91
2026-04-23 08:14:44,23,8,218.8,0.19,40.9,0.1,145.91
2026-04-23 08:14:49,23,8,217.8,0.19,40.4,0.1,147.36
2026-04-23 08:14:55,23,8,217.7,0.19,40.2,0.1,147.36
2026-04-23 08:15:01,23,8,218.1,0.19,40.5,0.1,147.36
2026-04-23 08:15:06,23,8,218.6,0.19,40.8,0.1,147.36
2026-04-23 08:15:11,23,8,219.0,0.19,40.9,0.1,147.36
2026-04-23 08:15:16,23,8,217.9,0.19,40.4,0.1,147.36
2026-04-23 08:15:22,23,8,217.8,0.19,40.4,0.1,147.36
2026-04-23 08:15:27,23,8,217.4,0.19,40.4,0.1,147.36
2026-04-23 08:15:33,23,8,216.4,0.19,40.1,0.1,147.36
2026-04-23 08:15:39,23,8,216.5,0.19,39.9,0.1,147.36
2026-04-23 08:15:44,23,8,215.9,0.19,40.0,0.1,147.36
2026-04-23 08:15:49,23,8,216.3,0.19,39.9,0.1,147.36
2026-04-23 08:15:55,23,8,216.6,0.19,40.0,0.1,147.36
2026-04-23 08:15:59,23,8,216.1,0.19,39.7,0.1,147.36
2026-04-23 08:16:06,23,8,217.0,0.19,40.2,0.1,147.36
2026-04-23 08:16:11,23,8,216.9,0.19,40.2,0.1,147.36
2026-04-23 08:16:16,23,8,216.0,0.19,39.7,0.1,147.36
2026-04-23 08:16:22,23,8,216.2,0.19,39.8,0.1,147.36
2026-04-23 08:16:28,23,8,214.0,0.19,39.3,0.1,148.8
2026-04-23 08:16:34,23,8,216.3,0.19,40.1,0.1,148.8
2026-04-23 08:16:40,23,8,215.2,0.19,39.5,0.1,148.8
2026-04-23 08:16:46,23,8,217.0,0.19,40.2,0.1,148.8
2026-04-23 08:16:51,23,8,216.5,0.19,39.9,0.1,148.8
2026-04-23 08:16:56,23,8,215.4,0.19,39.7,0.1,148.8
2026-04-23 08:17:02,23,8,216.1,0.19,39.7,0.1,148.8
2026-04-23 08:17:08,23,8,217.3,0.19,40.4,0.1,148.8
2026-04-23 08:17:13,23,8,216.0,0.19,39.9,0.1,148.8
2026-04-23 08:17:18,23,8,217.8,0.19,40.5,0.1,148.8
2026-04-23 08:17:24,23,8,217.3,0.19,40.3,0.1,148.8
2026-04-23 08:17:29,23,8,216.6,0.19,40.1,0.1,148.8
2026-04-23 08:17:34,23,8,215.9,0.19,39.9,0.1,148.8
2026-04-23 08:17:40,23,8,216.1,0.19,40.0,0.1,148.8
2026-04-23 08:17:46,23,8,215.5,0.19,39.6,0.1,148.8
2026-04-23 08:17:51,23,8,217.1,0.19,40.3,0.1,150.25
2026-04-23 08:17:57,23,8,216.7,0.19,40.1,0.1,150.25
2026-04-23 08:18:03,23,8,216.8,0.19,40.1,0.1,150.25
2026-04-23 08:18:09,23,8,217.5,0.19,40.4,0.1,150.25
2026-04-23 08:18:14,23,8,216.4,0.19,40.0,0.1,150.25
2026-04-23 08:18:20,23,8,216.7,0.19,40.1,0.1,150.25
2026-04-23 08:18:25,23,8,217.7,0.19,40.4,0.1,150.25
2026-04-23 08:18:31,23,8,217.2,0.19,40.4,0.1,150.25
2026-04-23 08:18:36,23,8,216.9,0.19,40.2,0.1,150.25
2026-04-23 08:18:41,23,8,217.3,0.19,40.3,0.1,150.25
2026-04-23 08:18:46,23,8,219.3,0.19,41.0,0.1,150.25
2026-04-23 08:18:51,23,8,219.2,0.19,41.1,0.1,150.25
2026-04-23 08:18:56,23,8,218.6,0.19,40.9,0.1,150.25
2026-04-23 08:19:02,23,8,164.9,0.15,31.6,0.1,150.25
2026-04-23 08:19:07,23,8,164.9,0.15,31.6,0.1,150.25
2026-04-23 08:19:13,23,8,164.9,0.15,31.6,0.1,150.25
2026-04-23 08:19:18,23,8,164.9,0.15,31.6,0.1,150.25
2026-04-23 08:19:23,23,8,164.9,0.15,31.6,0.1,150.25
2026-04-23 08:19:28,23,8,164.9,0.15,31.6,0.1,150.25
2026-04-23 08:19:33,23,8,164.9,0.15,31.6,0.1,150.25
2026-04-23 08:19:38,23,8,164.9,0.15,31.6,0.1,150.25
2026-04-23 08:19:44,23,8,164.9,0.15,31.6,0.1,150.25
2026-04-23 08:19:49,23,8,164.9,0.15,31.6,0.1,150.25
2026-04-23 08:19:55,23,8,164.9,0.15,31.6,0.1,150.25
2026-04-23 08:20:00,23,8,164.9,0.15,31.6,0.1,150.25
2026-04-23 08:20:05,23,8,164.9,0.15,31.6,0.1,150.25
2026-04-23 08:20:10,23,8,164.9,0.15,31.6,0.1,150.25
2026-04-23 08:20:16,23,8,164.9,0.15,31.6,0.1,150.25
2026-04-23 08:20:21,23,8,164.9,0.15,31.6,0.1,150.25
2026-04-23 08:20:26,23,8,164.9,0.15,31.6,0.1,150.25
2026-04-23 08:20:31,23,8,164.9,0.15,31.6,0.1,150.25
2026-04-23 08:20:37,23,8,164.9,0.15,31.6,0.1,150.25
2026-04-23 08:20:42,23,8,164.9,0.15,31.6,0.1,150.25
2026-04-23 08:20:47,23,8,164.9,0.15,31.6,0.1,150.25
2026-04-23 08:20:53,23,8,164.9,0.15,31.6,0.1,150.25
2026-04-23 08:20:58,23,8,164.9,0.15,31.6,0.1,150.25
2026-04-23 08:21:03,23,8,164.9,0.15,31.6,0.1,150.25
2026-04-23 08:21:08,23,8,164.9,0.15,31.6,0.1,150.25
2026-04-23 08:21:13,23,8,164.9,0.15,31.6,0.1,150.25
2026-04-23 08:21:18,23,8,164.9,0.15,31.6,0.1,150.25
2026-04-23 08:21:24,23,8,164.9,0.15,31.6,0.1,150.25
2026-04-23 08:21:29,23,8,164.9,0.15,31.6,0.1,150.25
2026-04-23 08:21:34,23,8,164.9,0.15,31.6,0.1,150.25
2026-04-23 08:21:40,23,8,164.9,0.15,31.6,0.1,150.25
2026-04-23 08:21:44,23,8,164.9,0.15,31.6,0.1,150.25
2026-04-23 08:21:51,23,8,164.9,0.15,31.6,0.1,150.25
2026-04-23 08:21:56,23,8,164.9,0.15,31.6,0.1,150.25
2026-04-23 08:22:01,23,8,164.9,0.15,31.6,0.1,150.25
2026-04-23 08:22:06,23,8,164.9,0.15,31.6,0.1,150.25
2026-04-23 08:22:11,23,8,164.9,0.15,31.6,0.1,150.25
2026-04-23 08:22:16,23,8,164.9,0.15,31.6,0.1,150.25
2026-04-23 08:22:21,23,8,164.9,0.15,31.6,0.1,150.25
2026-04-23 08:22:26,23,8,164.9,0.15,31.6,0.1,150.25
2026-04-23 08:22:31,23,8,164.9,0.15,31.6,0.1,150.25
2026-04-23 08:22:36,23,8,164.9,0.15,31.6,0.1,150.25
2026-04-23 08:22:41,23,8,164.9,0.15,31.6,0.1,150.25
2026-04-23 08:22:46,23,8,164.9,0.15,31.6,0.1,150.25
2026-04-23 08:22:52,23,8,164.9,0.15,31.6,0.1,150.25
2026-04-23 08:22:57,23,8,164.9,0.15,31.6,0.1,150.25
2026-04-23 08:23:02,23,8,164.9,0.15,31.6,0.1,150.25
2026-04-23 08:23:07,23,8,164.9,0.15,31.6,0.1,150.25
2026-04-23 08:23:12,23,8,164.9,0.15,31.6,0.1,150.25
2026-04-23 08:23:17,23,8,164.9,0.15,31.6,0.1,150.25
2026-04-23 08:23:22,23,8,164.9,0.15,31.6,0.1,150.25
2026-04-23 08:23:29,23,8,164.9,0.15,31.6,0.1,150.25
2026-04-23 08:23:34,23,8,164.9,0.15,31.6,0.1,150.25
2026-04-23 08:23:39,23,8,164.9,0.15,31.6,0.1,150.25
2026-04-23 08:23:45,23,8,164.9,0.15,31.6,0.1,150.25
2026-04-23 08:23:50,23,8,164.9,0.15,31.6,0.1,150.25
2026-04-23 08:23:55,23,8,164.9,0.15,31.6,0.1,150.25
2026-04-23 08:24:00,23,8,164.9,0.15,31.6,0.1,150.25
2026-04-23 08:24:05,23,8,164.9,0.15,31.6,0.1,150.25
2026-04-23 08:24:10,23,8,164.9,0.15,31.6,0.1,150.25
2026-04-23 08:24:15,23,8,164.9,0.15,31.6,0.1,150.25
2026-04-23 08:24:22,23,8,164.9,0.15,31.6,0.1,150.25
2026-04-23 08:24:27,23,8,164.9,0.15,31.6,0.1,150.25
2026-04-23 08:24:32,23,8,164.9,0.15,31.6,0.1,150.25
2026-04-23 08:24:37,23,8,164.9,0.15,31.6,0.1,150.25
2026-04-23 08:24:42,23,8,164.9,0.15,31.6,0.1,150.25
2026-04-23 08:24:48,23,8,164.9,0.15,31.6,0.1,150.25
2026-04-23 08:24:54,23,8,164.9,0.15,31.6,0.1,150.25
2026-04-23 08:25:00,23,8,164.9,0.15,31.6,0.1,150.25
2026-04-23 08:25:05,23,8,164.9,0.15,31.6,0.1,150.25
2026-04-23 08:25:10,23,8,164.9,0.15,31.6,0.1,150.25
2026-04-23 08:25:15,23,8,164.9,0.15,31.6,0.1,150.25
2026-04-23 08:25:20,23,8,164.9,0.15,31.6,0.1,150.25
2026-04-23 08:25:26,23,8,164.9,0.15,31.6,0.1,150.25
2026-04-23 08:25:31,23,8,164.9,0.15,31.6,0.1,150.25
2026-04-23 08:25:38,23,8,164.9,0.15,31.6,0.1,150.25
2026-04-23 08:25:43,23,8,164.9,0.15,31.6,0.1,150.25
2026-04-23 08:25:48,23,8,164.9,0.15,31.6,0.1,150.25
2026-04-23 08:25:53,23,8,164.9,0.15,31.6,0.1,150.25
2026-04-23 08:25:58,23,8,164.9,0.15,31.6,0.1,150.25
2026-04-23 08:26:03,23,8,164.9,0.15,31.6,0.1,150.25
2026-04-23 08:26:08,23,8,164.9,0.15,31.6,0.1,150.25
2026-04-23 08:26:14,23,8,164.9,0.15,31.6,0.1,150.25
2026-04-23 08:26:19,23,8,164.9,0.15,31.6,0.1,150.25
2026-04-23 08:26:25,23,8,164.9,0.15,31.6,0.1,150.25
2026-04-23 08:26:30,23,8,164.9,0.15,31.6,0.1,150.25
2026-04-23 08:26:35,23,8,164.9,0.15,31.6,0.1,150.25
2026-04-23 08:26:40,23,8,164.9,0.15,31.6,0.1,150.25
2026-04-23 08:26:45,23,8,164.9,0.15,31.6,0.1,150.25
2026-04-23 08:26:50,23,8,164.9,0.15,31.6,0.1,150.25
2026-04-23 08:26:56,23,8,164.9,0.15,31.6,0.1,150.25
2026-04-23 08:27:01,23,8,164.9,0.15,31.6,0.1,150.25
2026-04-23 08:27:06,23,8,164.9,0.15,31.6,0.1,150.25
2026-04-23 08:27:11,23,8,164.9,0.15,31.6,0.1,150.25
2026-04-23 08:27:17,23,8,164.9,0.15,31.6,0.1,150.25
2026-04-23 08:27:23,23,8,164.9,0.15,31.6,0.1,150.25
2026-04-23 08:27:29,23,8,164.9,0.15,31.6,0.1,150.25
2026-04-23 08:27:34,23,8,164.9,0.15,31.6,0.1,150.25
2026-04-23 08:27:39,23,8,164.9,0.15,31.6,0.1,150.25
2026-04-23 08:27:44,23,8,164.9,0.15,31.6,0.1,150.25
2026-04-23 08:27:49,23,8,164.9,0.15,31.6,0.1,150.25
2026-04-23 08:27:54,23,8,164.9,0.15,31.6,0.1,150.25
2026-04-23 08:28:01,23,8,164.9,0.15,31.6,0.1,150.25
2026-04-23 08:28:06,23,8,164.9,0.15,31.6,0.1,150.25
2026-04-23 08:28:11,23,8,164.9,0.15,31.6,0.1,150.25
2026-04-23 08:28:17,23,8,164.9,0.15,31.6,0.1,150.25
2026-04-23 08:28:22,23,8,164.9,0.15,31.6,0.1,150.25
2026-04-23 08:28:27,23,8,164.9,0.15,31.6,0.1,150.25
2026-04-23 08:28:32,23,8,164.9,0.15,31.6,0.1,150.25
2026-04-23 08:28:37,23,8,164.9,0.15,31.6,0.1,150.25
2026-04-23 08:28:42,23,8,164.9,0.15,31.6,0.1,150.25
2026-04-23 08:28:47,23,8,164.9,0.15,31.6,0.1,150.25
2026-04-23 08:28:52,23,8,164.9,0.15,31.6,0.1,150.25
2026-04-23 08:28:57,23,8,164.9,0.15,31.6,0.1,150.25
2026-04-23 08:29:02,23,8,164.9,0.15,31.6,0.1,150.25
2026-04-23 08:29:07,23,8,164.9,0.15,31.6,0.1,150.25
2026-04-23 08:29:12,23,8,164.9,0.15,31.6,0.1,150.25
2026-04-23 08:29:17,23,8,164.9,0.15,31.6,0.1,150.25
2026-04-23 08:29:22,23,8,164.9,0.15,31.6,0.1,150.25
2026-04-23 08:29:27,23,8,164.9,0.15,31.6,0.1,150.25
2026-04-23 08:29:32,23,8,164.9,0.15,31.6,0.1,150.25
2026-04-23 08:29:38,23,8,164.9,0.15,31.6,0.1,150.25
2026-04-23 08:29:43,23,8,164.9,0.15,31.6,0.1,150.25
2026-04-23 08:29:48,23,8,164.9,0.15,31.6,0.1,150.25
2026-04-23 08:29:53,23,8,164.9,0.15,31.6,0.1,150.25
2026-04-23 08:29:58,23,8,164.9,0.15,31.6,0.1,150.25
2026-04-23 08:30:05,23,8,164.9,0.15,31.6,0.1,150.25
2026-04-23 08:30:10,23,8,164.9,0.15,31.6,0.1,150.25
2026-04-23 08:30:15,23,8,164.9,0.15,31.6,0.1,150.25
2026-04-23 08:30:20,23,8,164.9,0.15,31.6,0.1,150.25
2026-04-23 08:30:25,23,8,164.9,0.15,31.6,0.1,150.25
2026-04-23 08:30:31,23,8,164.9,0.15,31.6,0.1,150.25
2026-04-23 08:30:36,23,8,164.9,0.15,31.6,0.1,150.25
2026-04-23 08:30:42,23,8,164.9,0.15,31.6,0.1,150.25
2026-04-23 08:30:47,23,8,164.9,0.15,31.6,0.1,150.25
2026-04-23 08:30:52,23,8,164.9,0.15,31.6,0.1,150.25
2026-04-23 08:30:57,23,8,164.9,0.15,31.6,0.1,150.25
2026-04-23 08:31:02,23,8,164.9,0.15,31.6,0.1,150.25
2026-04-23 08:31:07,23,8,164.9,0.15,31.6,0.1,150.25
2026-04-23 08:31:13,23,8,164.9,0.15,31.6,0.1,150.25
2026-04-23 08:31:18,23,8,164.9,0.15,31.6,0.1,150.25
2026-04-23 08:31:24,23,8,164.9,0.15,31.6,0.1,150.25
2026-04-23 08:31:30,23,8,164.9,0.15,31.6,0.1,150.25
2026-04-23 08:31:35,23,8,164.9,0.15,31.6,0.1,150.25
2026-04-23 08:31:41,23,8,164.9,0.15,31.6,0.1,150.25
2026-04-23 08:31:46,23,8,164.9,0.15,31.6,0.1,150.25
2026-04-23 08:31:51,23,8,164.9,0.15,31.6,0.1,150.25
2026-04-23 08:31:57,23,8,164.9,0.15,31.6,0.1,150.25
2026-04-23 08:32:02,23,8,164.9,0.15,31.6,0.1,150.25
2026-04-23 08:32:09,23,8,164.9,0.15,31.6,0.1,150.25
2026-04-23 08:32:14,23,8,164.9,0.15,31.6,0.1,150.25
2026-04-23 08:32:19,23,8,164.9,0.15,31.6,0.1,150.25
2026-04-23 08:32:24,23,8,164.9,0.15,31.6,0.1,150.25
2026-04-23 08:32:29,23,8,164.9,0.15,31.6,0.1,150.25
2026-04-23 08:32:34,23,8,164.9,0.15,31.6,0.1,150.25
2026-04-23 08:32:39,23,8,164.9,0.15,31.6,0.1,150.25
2026-04-23 08:32:45,23,8,164.9,0.15,31.6,0.1,150.25
2026-04-23 08:32:56,23,8,164.9,0.15,31.6,0.1,150.25
2026-04-23 08:32:50,23,8,164.9,0.15,31.6,0.1,150.25
2026-04-23 08:33:02,23,8,164.9,0.15,31.6,0.1,150.25
2026-04-23 08:33:07,23,8,164.9,0.15,31.6,0.1,150.25
2026-04-23 08:33:13,23,8,164.9,0.15,31.6,0.1,150.25
2026-04-23 08:33:18,23,8,164.9,0.15,31.6,0.1,150.25
2026-04-23 08:33:23,23,8,164.9,0.15,31.6,0.1,150.25
2026-04-23 08:33:28,23,8,164.9,0.15,31.6,0.1,150.25
2026-04-23 08:33:33,23,8,164.9,0.15,31.6,0.1,150.25
2026-04-23 08:33:39,23,8,164.9,0.15,31.6,0.1,150.25
2026-04-23 08:33:44,23,8,164.9,0.15,31.6,0.1,150.25
2026-04-23 08:33:49,23,8,164.9,0.15,31.6,0.1,150.25
2026-04-23 08:33:54,23,8,164.9,0.15,31.6,0.1,150.25
2026-04-23 08:34:00,23,8,164.9,0.15,31.6,0.1,150.25
2026-04-23 08:34:05,23,8,164.9,0.15,31.6,0.1,150.25
2026-04-23 08:34:10,23,8,164.9,0.15,31.6,0.1,150.25
2026-04-23 08:34:15,23,8,164.9,0.15,31.6,0.1,150.25
2026-04-23 08:34:22,23,8,164.9,0.15,31.6,0.1,150.25
2026-04-23 08:34:27,23,8,164.9,0.15,31.6,0.1,150.25
2026-04-23 08:34:32,23,8,164.9,0.15,31.6,0.1,150.25
2026-04-23 08:34:37,23,8,164.9,0.15,31.6,0.1,150.25
2026-04-23 08:34:42,23,8,164.9,0.15,31.6,0.1,150.25
2026-04-23 08:34:47,23,8,164.9,0.15,31.6,0.1,150.25
2026-04-23 08:34:52,23,8,164.9,0.15,31.6,0.1,150.25
2026-04-23 08:34:57,23,8,164.9,0.15,31.6,0.1,150.25
2026-04-23 08:35:02,23,8,164.9,0.15,31.6,0.1,150.25
2026-04-23 08:35:07,23,8,164.9,0.15,31.6,0.1,150.25
2026-04-23 08:35:12,23,8,164.9,0.15,31.6,0.1,150.25
2026-04-23 08:35:17,23,8,164.9,0.15,31.6,0.1,150.25
2026-04-23 08:35:22,23,8,164.9,0.15,31.6,0.1,150.25
2026-04-23 08:35:27,23,8,164.9,0.15,31.6,0.1,150.25
2026-04-23 08:35:32,23,8,164.9,0.15,31.6,0.1,150.25
2026-04-23 08:35:38,23,8,164.9,0.15,31.6,0.1,150.25
2026-04-23 08:35:43,23,8,164.9,0.15,31.6,0.1,150.25
2026-04-23 08:35:48,23,8,164.9,0.15,31.6,0.1,150.25
2026-04-23 08:35:53,23,8,164.9,0.15,31.6,0.1,150.25
2026-04-23 08:35:59,23,8,164.9,0.15,31.6,0.1,150.25
2026-04-23 08:36:04,23,8,164.9,0.15,31.6,0.1,150.25
2026-04-23 08:36:10,23,8,164.9,0.15,31.6,0.1,150.25
2026-04-23 08:36:16,23,8,164.9,0.15,31.6,0.1,150.25
2026-04-23 08:36:22,23,8,164.9,0.15,31.6,0.1,150.25
2026-04-23 08:36:27,23,8,164.9,0.15,31.6,0.1,150.25
2026-04-23 08:36:32,23,8,164.9,0.15,31.6,0.1,150.25
2026-04-23 08:36:38,23,8,164.9,0.15,31.6,0.1,150.25
2026-04-23 08:36:43,23,8,164.9,0.15,31.6,0.1,150.25
2026-04-23 08:36:48,23,8,164.9,0.15,31.6,0.1,150.25
2026-04-23 08:36:53,23,8,164.9,0.15,31.6,0.1,150.25
2026-04-23 08:36:59,23,8,164.9,0.15,31.6,0.1,150.25
2026-04-23 08:37:04,23,8,164.9,0.15,31.6,0.1,150.25
2026-04-23 08:37:09,23,8,164.9,0.15,31.6,0.1,150.25
2026-04-23 08:37:14,23,8,164.9,0.15,31.6,0.1,150.25
2026-04-23 08:37:19,23,8,164.9,0.15,31.6,0.1,150.25
2026-04-23 08:37:26,23,8,164.9,0.15,31.6,0.1,150.25
2026-04-23 08:37:31,23,8,164.9,0.15,31.6,0.1,150.25
2026-04-23 08:37:37,23,8,164.9,0.15,31.6,0.1,150.25
2026-04-23 08:37:42,23,8,164.9,0.15,31.6,0.1,150.25
2026-04-23 08:37:47,23,8,164.9,0.15,31.6,0.1,150.25
2026-04-23 08:37:52,23,8,164.9,0.15,31.6,0.1,150.25
2026-04-23 08:37:59,23,8,164.9,0.15,31.6,0.1,150.25
2026-04-23 08:38:04,23,8,164.9,0.15,31.6,0.1,150.25
2026-04-23 08:38:09,23,8,164.9,0.15,31.6,0.1,150.25
2026-04-23 08:38:14,23,8,164.9,0.15,31.6,0.1,150.25
2026-04-23 08:38:19,23,8,164.9,0.15,31.6,0.1,150.25
2026-04-23 08:38:24,23,8,164.9,0.15,31.6,0.1,150.25
2026-04-23 08:38:30,23,8,164.9,0.15,31.6,0.1,150.25
2026-04-23 08:38:35,23,8,164.9,0.15,31.6,0.1,150.25
2026-04-23 08:38:40,23,8,164.9,0.15,31.6,0.1,150.25
2026-04-23 08:38:45,23,8,164.9,0.15,31.6,0.1,150.25
2026-04-23 08:38:50,23,8,164.9,0.15,31.6,0.1,150.25
2026-04-23 08:38:55,23,8,164.9,0.15,31.6,0.1,150.25
2026-04-23 08:39:01,23,8,164.9,0.15,31.6,0.1,150.25
2026-04-23 08:39:06,23,8,164.9,0.15,31.6,0.1,150.25
2026-04-23 08:39:11,23,8,164.9,0.15,31.6,0.1,150.25
2026-04-23 08:39:16,23,8,164.9,0.15,31.6,0.1,150.25
2026-04-23 08:39:21,23,8,164.9,0.15,31.6,0.1,150.25
2026-04-23 08:39:26,23,8,164.9,0.15,31.6,0.1,150.25
2026-04-23 08:39:32,23,8,164.9,0.15,31.6,0.1,150.25
2026-04-23 08:39:37,23,8,164.9,0.15,31.6,0.1,150.25
2026-04-23 08:39:42,23,8,164.9,0.15,31.6,0.1,150.25
2026-04-23 08:39:47,23,8,164.9,0.15,31.6,0.1,150.25
2026-04-23 08:39:52,23,8,164.9,0.15,31.6,0.1,150.25
2026-04-23 08:39:57,23,8,164.9,0.15,31.6,0.1,150.25
2026-04-23 08:40:03,23,8,164.9,0.15,31.6,0.1,150.25
2026-04-23 08:40:09,23,8,164.9,0.15,31.6,0.1,150.25
2026-04-23 08:40:14,23,8,164.9,0.15,31.6,0.1,150.25
2026-04-23 08:40:19,23,8,164.9,0.15,31.6,0.1,150.25
2026-04-23 08:40:25,23,8,164.9,0.15,31.6,0.1,150.25
2026-04-23 08:40:30,23,8,164.9,0.15,31.6,0.1,150.25
2026-04-23 08:40:36,23,8,164.9,0.15,31.6,0.1,150.25
2026-04-23 08:40:41,23,8,164.9,0.15,31.6,0.1,150.25
2026-04-23 08:40:46,23,8,164.9,0.15,31.6,0.1,150.25
2026-04-23 08:40:52,23,8,164.9,0.15,31.6,0.1,150.25
2026-04-23 08:40:57,23,8,164.9,0.15,31.6,0.1,150.25
2026-04-23 08:41:02,23,8,164.9,0.15,31.6,0.1,150.25
2026-04-23 08:41:08,23,8,164.9,0.15,31.6,0.1,150.25
2026-04-23 08:41:13,23,8,164.9,0.15,31.6,0.1,150.25
2026-04-23 08:41:19,23,8,164.9,0.15,31.6,0.1,150.25
